city,population,total_cases_2022,mean_beta,mean_R0,fit_error
Milano,3250000,1302470.0,0.09017533842034371,1.2882191202906244,1.1575214488432788e-05
Roma,4350000,1712885.0,0.09017928159027357,1.2882754512896222,1.2673837850234581e-05
Brescia,1265000,513723.0,0.0904967080112809,1.29281011444687,1.3563661742643462e-05
Torino,2250000,904465.0,0.10100068153392795,1.4428668790561134,1.3619428369857708e-05
Napoli,3100000,1274467.0,0.10062037832151598,1.4374339760216566,2.6864864338886653e-05
